text,class
2018 Teams,label
Ferrari,ferrari
Force India,force-india
Haas,haas
McLaren,mclaren
Mercedes,mercedes
Red Bull,red-bull
Renault,renault
Sauber,sauber
Toro Rosso,toro-rosso
Williams,williams
2018 Drivers,label
Brendon Hartley,brendon-hartley
Carlos Sainz Jr,carlos-sainz-jr
Charles Leclerc,charles-leclerc
Daniel Ricciardo,daniel-ricciardo
Esteban Ocon,esteban-ocon
Fernando Alonso,fernando-alonso
Kevin Magnussen,kevin-magnussen
Kimi Räikkönen,kimi-raikkonen
Lance Stroll,lance-stroll
Lewis Hamilton,lewis-hamilton
Marcus Ericsson,marcus-ericsson
Max Verstappen,max-verstappen
Nico Hulkenberg,nico-hulkenberg
Pierre Gasly,pierre-gasly
Romain Grosjean,romain-grosjean
Sebastian Vettel,sebastian-vettel
Sergey Sirotkin,sergey-sirotkin
Sergio Perez,sergio-perez
Stoffel Vandoorne,stoffel-vandoorne
Valtteri Bottas,valtteri-bottas
2018 Test / Junior Drivers,label
Antonio Giovinazzi,antonio-giovinazzi
Daniil Kvyat,daniil-kvyat
Jack Aitken,jack-aitken
Lando Norris,lando-norris
Nicholas Latifi,nicholas-latifi
Pascal Wehrlein,pascal-wehrlein
Robert Kubica,robert-kubica
Santino Ferrucci,santino-ferrucci
Sebastian Buemi,sebastian-buemi
WDCs,label
Alain Prost,alain-prost
Alan Jones,alan-jones
Alberto Ascari,alberto-ascari
Ayrton Senna,ayrton-senna
Damon Hill,damon-hill
Denny Hulme,denny-hulme
Emerson Fittipaldi,emerson-fittipaldi
Giuseppe Farina,giuseppe-farina
Graham Hill,graham-hill
Jack Brabham,jack-brabham
Jackie Stewart,jackie-stewart
Jacques Villeneuve,jacques-villeneuve
James Hunt,james-hunt
Jenson Button,jenson-button
Jim Clark,jim-clark
Jochen Rindt,jochen-rindt
Jody Scheckter,jody-scheckter
John Surtees,john-surtees
Juan Manuel Fangio,juan-manuel-fangio
Keke Rosberg,keke-rosberg
Mario Andretti,mario-andretti
Michael Schumacher,michael-schumacher
Mika Häkkinen,mika-hakkinen
Mike Hawthorn,mike-hawthorn
Nelson Piquet,nelson-piquet
Nico Rosberg,nico-rosberg
Nigel Mansell,nigel-mansell
Niki Lauda,niki-lauda
Phil Hill,phil-hill
WCCs,label
Alfa Romeo,alfa-romeo
Benetton,benetton
Brabham,brabham
Brawn GP,brawn-gp
BRM,brm
Cooper,cooper
Lotus,lotus
Matra,matra
Tyrrell,tyrrell
Other drivers,label
Carmen Jorda,carmen-jorda
David Coulthard,david-coulthard
Felipe Massa,felipe-massa
Gilles Villeneuve,gilles-villeneuve
Heikki Kovalainen,heikki-kovalainen
Jean Alesi,jean-alesi
Jean-Pierre Jabouille,jean-pierre-jabouille
Jules Bianchi,jules-bianchi
Kamui Kobayashi,kamui-kobayashi
Lella Lombardi,lella-lombardi
Mark Webber,mark-webber
Martin Brundle,martin-brundle
Pastor Maldonado,pastor-maldonado
Roland Ratzenberger,roland-ratzenberger
Ronnie Peterson,ronnie-peterson
Susie Wolff,susie-wolff
Tatiana Calderon,tatiana-calderon
Tom Pryce,tom-pryce
Other teams,label
BAR Honda,bar-honda
BMW Sauber,bmw-sauber
Caterham,caterham
De Tomaso,de-tomaso
Eurobrun,eurobrun
Jaguar,jaguar
Jordan,jordan
Manor,manor
Maserati,maserati
Minardi,minardi
Spyker,spyker
Misc.,label
F1,f1-logo
F1,f1-classic-logo
Honda,honda
Pirelli Hard,pirelli-hard
Pirelli Hypersoft,pirelli-hypersoft
Pirelli Intermediate,pirelli-intermediate
Pirelli Medium,pirelli-medium
Pirelli Soft,pirelli-soft
Pirelli Superhard,pirelli-superhard
Pirelli Supersoft,pirelli-supersoft
Pirelli Ultrasoft,pirelli-ultrasoft
Pirelli Wet,pirelli-wet